Brand,Authentic Product,Original Price (INR),Counterfeit Price (INR),Annual Sales (Original) - Units,Annual Sales (Counterfeit) - Units,Price_Ratio,Sales_Ratio,Estimated_Loss_INR,Total_Sales_Units,Reconstruction_Error,Fraud_Risk
Louis Vuitton,Monogram Handbag,123000,12300,15000,75000,0.1,5.0,9225000000,90000,0.015662492477274484,Low Risk
Gucci,GG Canvas Tote Bag,98400,9840,18000,90000,0.1,5.0,8856000000,108000,0.010858979577249347,Low Risk
Chanel,Classic Flap Bag,410000,41000,10000,50000,0.1,5.0,20500000000,60000,0.03112549650617706,Low Risk
Rolex,Submariner Watch,820000,41000,8000,60000,0.05,7.5,49200000000,68000,0.2864388210745157,High Risk
Hermès,Birkin Bag,820000,8200,2000,15000,0.01,7.5,12300000000,17000,0.6187695380322897,High Risk
Prada,Saffiano Leather Tote,205000,20500,12000,70000,0.1,5.833333333333333,14350000000,82000,0.029775926234921493,Low Risk
Cartier,Love Bracelet,516000,51600,7000,40000,0.1,5.714285714285714,20640000000,47000,0.05740886386514611,Low Risk
Burberry,Trench Coat,164000,16400,14000,80000,0.1,5.714285714285714,13120000000,94000,0.019786933273208105,Low Risk
Ray-Ban,Aviator Sunglasses,12300,1230,50000,300000,0.1,6.0,3690000000,350000,0.16016551096083498,Low Risk
Givenchy,Men's Hoodie,90200,7200,9000,45000,0.07982261640798226,5.0,4059000000,54000,0.0788718948250252,Low Risk
Christian Louboutin,Spiked Loafers,147600,14760,6000,30000,0.1,5.0,4428000000,36000,0.04841900414697711,Low Risk
Levi's,501 Jeans,4920,492,100000,500000,0.1,5.0,2460000000,600000,0.8400766224443781,High Risk
Balenciaga,GG Canvas Tote Bag,680669,48619,11478,68868,0.07142825661224472,6.0,46876312692,80346,0.10669147753398871,Low Risk
Ray-Ban,Saffiano Leather Tote,816311,81631,10764,32292,0.09999987749766939,3.0,26360314812,43056,0.0179341637742833,Low Risk
Bvlgari,Saffiano Leather Tote,665243,47517,11428,57140,0.07142803456781958,5.0,38011985020,68568,0.07543247832193842,Low Risk
Hermès,Serpenti Watch,511618,63952,12275,49100,0.1249995113541744,4.0,25120443800,61375,0.01419364282251109,Low Risk
Dior,Triple S Sneakers,196221,16351,10261,71827,0.08332951111247013,7.0,14093965767,82088,0.12431654143252938,Low Risk
Dior,Spiked Loafers,63292,7911,12845,89915,0.12499210010743854,7.0,5690900180,102760,0.09462626658439065,Low Risk
Louis Vuitton,Medusa Necklace,460574,57571,13291,93037,0.12499837159718091,7.0,42850423238,106328,0.0879549098808697,Low Risk
Burberry,Spiked Loafers,744402,67672,11409,79863,0.09090786967256939,7.0,59450176926,91272,0.10246826738789015,Low Risk
Givenchy,Medusa Necklace,886521,80592,1888,11328,0.0909081679960204,6.0,10042509888,13216,0.12844872835555943,Low Risk
Burberry,Men's Hoodie,806460,67205,19351,96755,0.08333333333333333,5.0,78029037300,116106,0.05882163759818191,Low Risk
Hermès,501 Jeans,579226,41373,1087,5435,0.07142807815947488,5.0,3148093310,6522,0.15940955957491776,Low Risk
Balenciaga,Trench Coat,667800,55650,4659,27954,0.08333333333333333,6.0,18667681200,32613,0.11452534326943127,Low Risk
Dior,501 Jeans,667446,55620,19746,138222,0.0833325842090596,7.0,92255721012,157968,0.07863437769486645,Low Risk
Gucci,GG Canvas Tote Bag,137641,9831,17386,69544,0.07142493879004076,4.0,9572105704,86930,0.0532110467179112,Low Risk
Gucci,Triple S Sneakers,789467,56390,3915,27405,0.07142793808987583,7.0,21635343135,31320,0.19753423730778794,Low Risk
Hermès,Prestige Face Serum,47021,5877,16182,64728,0.12498670806660854,4.0,3043575288,80910,0.004051581224692688,Low Risk
Prada,High-End Skincare Set,14287,2857,25151,100604,0.19997200251977323,4.0,1437329348,125755,0.0034067263029957974,Low Risk
Dior,Designer Lipstick,33150,3315,28741,114964,0.1,4.0,3811056600,143705,0.014453648443666712,Low Risk
Chanel,Exclusive Eyeshadow Palette,34746,6949,32373,129492,0.1999942439417487,4.0,4499329032,161865,0.013164992886556419,Low Risk
Chanel,Premium Foundation,14659,1832,32841,131364,0.12497441844600586,4.0,1925664876,164205,0.03692097706803871,Low Risk
Gucci,Prestige Face Serum,40887,13629,35799,71598,0.3333333333333333,2.0,2927427426,107397,0.014697198379066774,Low Risk
Versace,Exclusive Eyeshadow Palette,22474,2247,25314,101256,0.09998220165524606,4.0,2275627344,126570,0.012445828351589203,Low Risk
Dior,Designer Lipstick,36241,4026,24997,99988,0.11108964984409922,4.0,3623665108,124985,0.008780153990753738,Low Risk
Hermès,Designer Lipstick,5641,626,20345,61035,0.11097323169650772,3.0,344298435,81380,0.005707865799851711,Low Risk
Prada,Designer Lipstick,24126,3446,36645,219870,0.14283345768051064,6.0,5304583620,256515,0.0446767609138671,Low Risk
Manolo Blahnik,Designer Sneakers,91550,13078,12636,37908,0.14285090114691426,3.0,3470477400,50544,0.009032296163309918,Low Risk
Christian Louboutin,Luxury Heels,107327,13415,2045,6135,0.12499184734502967,3.0,658451145,8180,0.011486997151244821,Low Risk
Christian Louboutin,Exclusive Loafers,41886,3807,3487,10461,0.0908895573700043,3.0,438169446,13948,0.05445335794398981,Low Risk
Balenciaga,Designer Sneakers,106341,11815,9399,46995,0.11110484197064162,5.0,4997495295,56394,0.020567320965350376,Low Risk
Balenciaga,Designer Sneakers,38295,7659,10770,43080,0.2,4.0,1649748600,53850,0.01604869250830443,Low Risk
Balenciaga,Luxury Heels,92759,15459,6642,26568,0.16665768281244947,4.0,2464421112,33210,0.012825243814715899,Low Risk
Christian Louboutin,Designer Sneakers,109437,12159,8590,51540,0.11110501932618767,6.0,5640382980,60130,0.05516660425532367,Low Risk
Jimmy Choo,Exclusive Loafers,67855,7539,14814,59256,0.11110456119666937,4.0,4020815880,74070,0.007692825022237941,Low Risk
Prada,Designer Sneakers,96166,19233,11930,59650,0.19999792026287877,5.0,5736301900,71580,0.05594381059464827,Low Risk
Balenciaga,Exclusive Loafers,58430,5843,2667,13335,0.1,5.0,779164050,16002,0.07056478249782612,Low Risk
YSL Beauty,Designer Lipstick,32031,5338,51063,204252,0.1666510567887359,4.0,6542395812,255315,0.14658828094639098,Low Risk
Guerlain,Prestige Face Serum,25034,3129,7319,36595,0.12499001358152911,5.0,916119230,43914,0.02407289399534091,Low Risk
Dior Beauty,Premium Foundation,6481,925,20176,121056,0.14272488813454715,6.0,784563936,141232,0.02492600486594726,Low Risk
Lancôme,Luxury Perfume,13664,3416,44596,133788,0.25,3.0,1828079232,178384,0.034716774062274414,Low Risk
Lancôme,High-End Skincare Set,40725,4072,45086,225430,0.099987722529159,5.0,9180636750,270516,0.07283778055111903,Low Risk
YSL Beauty,Exclusive Eyeshadow Palette,11746,2349,6295,25180,0.19998297292695386,4.0,295764280,31475,0.029764857114299936,Low Risk
MAC,Luxury Mascara,43795,4379,49640,248200,0.09998858317159492,5.0,10869919000,297840,0.09350690179529009,Low Risk
Estée Lauder,Exclusive Eyeshadow Palette,17950,4487,10140,30420,0.24997214484679667,3.0,546039000,40560,0.014477987400876201,Low Risk
Lancôme,Luxury Mascara,21454,7151,52805,105610,0.333317796215158,2.0,2265756940,158415,0.02776137336935717,Low Risk
Kiehl's,Luxury Perfume,49301,7043,22031,88124,0.14285714285714285,4.0,4344601324,110155,0.023398110767890848,Low Risk
Shiseido,Designer Lipstick,35165,3907,6900,13800,0.11110479169628892,2.0,485277000,20700,0.009549986414501204,Low Risk
Shiseido,Premium Foundation,22641,5660,30213,120852,0.24998895808489024,4.0,2736210132,151065,0.014100890377196989,Low Risk
Lancôme,Signature Nail Polish,48544,12136,35396,176980,0.25,5.0,8591317120,212376,0.02301369591021021,Low Risk
Bobbi Brown,Designer Lipstick,25507,5101,24722,123610,0.1999843180303446,5.0,3152920270,148332,0.015532612365392927,Low Risk
Tom Ford Beauty,Luxury Perfume,23243,4648,42317,169268,0.19997418577636278,4.0,3934296124,211585,0.047327692988711714,Low Risk
Wilson,Sports Jacket,21662,4332,38645,193225,0.19998153448435046,5.0,4185639950,231870,0.030588815373952596,Low Risk
Yonex,Hiking Boots,14611,4870,26275,105100,0.333310519471631,4.0,1535616100,131375,0.08990023814710532,Low Risk
Mizuno,Sports Jacket,23828,2978,58659,175977,0.12497901628336411,3.0,4193179956,234636,0.13627750508846484,Low Risk
Skechers,Hiking Boots,23592,3370,47288,236440,0.14284503221430994,5.0,5578092480,283728,0.12236229785071875,Low Risk
ASICS,Athletic T-Shirt,9224,2306,14367,57468,0.25,4.0,530084832,71835,0.04904838832184809,Low Risk
Reebok,Hiking Boots,9365,3121,64859,194577,0.33326214628937534,3.0,1822213605,259436,0.06879340302260978,Low Risk
Nike,Basketball Shoes,19455,6485,16973,67892,0.3333333333333333,4.0,1320838860,84865,0.14070717100181523,Low Risk
Mizuno,Sports Jacket,12938,1848,19020,95100,0.14283505951460812,5.0,1230403800,114120,0.004736401059240134,Low Risk
Adidas,Sports Jacket,23607,7869,24053,48106,0.3333333333333333,2.0,1135638342,72159,0.021038405577283092,Low Risk
Everlast,Athletic T-Shirt,13744,1718,41263,206315,0.125,5.0,2835593360,247578,0.09775488237161799,Low Risk
New Balance,Athletic T-Shirt,7906,1129,40710,122130,0.14280293448014167,3.0,965559780,162840,0.0819163059612724,Low Risk
Mizuno,Hiking Boots,7837,1567,35764,143056,0.19994896006124793,4.0,1121129872,178820,0.023762885143403367,Low Risk
Mizuno,Compression Leggings,4046,578,32407,97221,0.14285714285714285,3.0,393356166,129628,0.04904999424405102,Low Risk
Columbia,Training Sneakers,3368,673,25524,76572,0.19982185273159145,3.0,257894496,102096,0.018677962355669604,Low Risk
Columbia,Hiking Boots,18184,2597,18954,94770,0.14281786185657722,5.0,1723297680,113724,0.004614407989615553,Low Risk
Dior Beauty,Basketball Shoes,503723,100744,75110,525770,0.19999880886916024,7.0,264842441710,600880,0.01587571930311519,Low Risk
MAC,Training Sneakers,764361,69487,75589,453534,0.09090861517005708,6.0,346663701774,529123,0.04532528072884717,Low Risk
Montblanc,High-End Skincare Set,416569,83313,8881,35524,0.1999980795498465,4.0,14798197156,44405,0.021526498552786724,Low Risk
Charlotte Tilbury,Luxury Handbag,991563,70825,2425,4850,0.07142763495612482,2.0,4809080550,7275,0.08754070802286165,Low Risk
Burberry,High-End Skincare Set,170562,28427,81675,163350,0.16666666666666666,2.0,27861302700,245025,0.38881748047121845,High Risk
Puma,High-End Necklace,291936,24328,66866,200598,0.08333333333333333,3.0,58561777728,267464,0.020534718690678664,Low Risk
Tag Heuer,Hiking Boots,726314,90789,97618,585708,0.12499965579625341,6.0,425407920312,683326,0.17755141631294377,Low Risk
Shiseido,Premium Foundation,157961,31592,95447,668129,0.1999987338646881,7.0,105538324969,763576,0.6207681521369975,High Risk
Skechers,Hiking Boots,440912,40082,33352,200112,0.0909070290670247,6.0,88231782144,233464,0.005477018388009313,Low Risk
Bang & Olufsen,Luxury Earbuds,643783,42918,48924,293544,0.06666532045735908,6.0,188978636952,342468,0.03981274151880809,Low Risk
Hublot,Prestige Face Serum,568036,63115,47983,143949,0.11111091550535529,3.0,81768214164,191932,0.038165171842840254,Low Risk
Bang & Olufsen,Exclusive Eyeshadow Palette,782928,260976,45079,360632,0.3333333333333333,8.0,282348890496,405711,0.30984480073037385,High Risk
Puma,Basketball Shoes,792325,132054,19070,95350,0.16666645631527466,5.0,75548188750,114420,0.08280725574576427,Low Risk
Bvlgari,Training Sneakers,418426,83685,95445,381780,0.19999952201823024,4.0,159746678280,477225,0.8911528939806043,High Risk
MAC,Exclusive Eyeshadow Palette,475762,52862,22796,159572,0.1111101769372081,7.0,75918293864,182368,0.03762901878808998,Low Risk
Hermès,Luxury Perfume,657686,50591,47899,95798,0.07692272604251878,2.0,63005003428,143697,0.009118080861665573,Low Risk
MAC,Luxury Earbuds,541042,108208,53755,430040,0.1999992606858617,8.0,232669701680,483795,0.055232599809900175,Low Risk
Prada,Training Sneakers,174122,12437,85758,343032,0.07142693054295264,4.0,59729417904,428790,0.13786873168642363,Low Risk
Hermès,Luxury Handbag,454139,64877,92899,278697,0.14285714285714285,3.0,126567176883,371596,0.48532244231980215,High Risk
Shiseido,Signature Nail Polish,195007,15000,65345,130690,0.07692031568097556,2.0,25485464830,196035,0.03824190725276254,Low Risk
Dior Beauty,Luxury Mascara,967309,107478,73412,440472,0.11111030704769624,6.0,426072529848,513884,0.24414391186054155,High Risk
MAC,Running Shoes,342782,26367,54027,270135,0.0769206084333483,5.0,92597415570,324162,0.023225923346223185,Low Risk
MAC,Running Shoes,18290,2612,69241,276964,0.14281027884089667,4.0,5065671560,346205,0.40786601515388776,High Risk
Charlotte Tilbury,Signature Fragrance,40981,2927,55747,390229,0.07142334252458456,7.0,15991974649,445976,0.36612922758269495,High Risk
Dior Beauty,Football Boots,222866,14857,15346,30692,0.06666337619915105,2.0,6840203272,46038,0.06779302478271222,Low Risk
Prada,Luxury Handbag,645390,43026,76259,610072,0.06666666666666667,8.0,393734368080,686331,0.06590462448369054,Low Risk
Givenchy,High-End Skincare Set,574555,47879,16982,135856,0.08333231805484244,8.0,78056744080,152838,0.21543076492761148,High Risk
Patek Philippe,Training Sneakers,45982,4180,24514,147084,0.09090513679265799,6.0,6763216488,171598,0.013303655690816952,Low Risk
Dolce & Gabbana,Training Sneakers,864859,216214,78955,552685,0.24999913280661934,7.0,477994596415,631640,0.32143488805388387,High Risk
ASICS,Luxury Perfume,266360,20489,23091,92364,0.07692221054212345,4.0,24602075040,115455,0.020900707129343936,Low Risk
Omega,High-End Skincare Set,275973,34496,13491,67455,0.12499773528569824,5.0,18615758715,80946,0.00829739894199044,Low Risk
Hublot,Running Shoes,722463,60205,85959,687672,0.08333298729485109,8.0,496817576136,773631,0.060032960906140596,Low Risk
Cartier,Tech Smartwatch,888293,148048,1873,14984,0.1666657285377685,8.0,13310182312,16857,0.4808290654699689,High Risk
Tag Heuer,Luxury Watch,252267,63066,72603,508221,0.24999702695953097,7.0,128207387007,580824,0.1063044301284494,Low Risk
Bose,Basketball Shoes,865712,108214,60851,121702,0.125,2.0,105358881824,182553,0.10778853619041136,Low Risk
Fenty Beauty,Basketball Shoes,765561,191390,31818,127272,0.24999967344209018,4.0,97434479592,159090,0.10454249859472174,Low Risk
Mizuno,Luxury Mascara,586602,65178,73946,443676,0.1111111111111111,6.0,260261228952,517622,0.06416964722445659,Low Risk
Columbia,Luxury Watch,82378,13729,56335,338010,0.16665857389108743,6.0,27844587780,394345,0.1685148760781959,Low Risk
Shiseido,Designer Suit,422308,84461,75455,603640,0.19999857923600783,8.0,254922001120,679095,0.08352246960552237,Low Risk
ASICS,Designer Belt,673081,84135,6415,12830,0.12499981428683918,2.0,8635629230,19245,0.002710011427959148,Low Risk
Skechers,Luxury Perfume,985516,70394,34906,69812,0.07142857142857142,2.0,68800842992,104718,0.03275758388346268,Low Risk
Dolce & Gabbana,Tech Smartwatch,219427,24380,92903,743224,0.11110756652554152,8.0,163083412648,836127,0.8235049926138727,High Risk
Rolex,Designer Lipstick,6362,1590,68410,273640,0.24992140836215027,4.0,1740897680,342050,0.17638070348094764,Low Risk
Fila,Designer Suit,311538,34615,13935,97545,0.11111004115067825,7.0,30388974210,111480,0.07286111606969758,Low Risk
Sony,Designer Belt,803058,100382,74042,370210,0.12499968868998254,5.0,297300102180,444252,0.2426635738900749,High Risk
Estée Lauder,Tech Smartwatch,574020,52183,52655,210620,0.09090798230026828,4.0,120900092400,263275,0.03444597982587881,Low Risk
Columbia,Signature Fragrance,80153,8015,60973,426811,0.09999625715818497,7.0,34210182083,487784,0.3379435512430814,High Risk
Columbia,Training Sneakers,384185,34925,4743,18972,0.09090672462485522,4.0,7288757820,23715,0.06100537302950428,Low Risk
Hublot,Luxury Handbag,937152,117144,16137,112959,0.125,7.0,105859752768,129096,0.1264458435631564,Low Risk
Salomon,Premium Sunglasses,473203,43018,5781,34686,0.0909081303372971,6.0,16413519258,40467,0.08828211727305964,Low Risk
Lancôme,Luxury Handbag,888063,148010,20017,100085,0.1666661036435478,5.0,88881785355,120102,0.11747945119640713,Low Risk
Puma,Luxury Perfume,646512,215504,59632,119264,0.3333333333333333,2.0,77105607168,178896,0.09264549506591004,Low Risk
Chopard,Luxury Watch,927200,71323,20376,40752,0.07692299396031062,2.0,37785254400,61128,0.022327611860715982,Low Risk
Reebok,Exclusive Scarf,723947,80438,36039,180195,0.11111034371300661,5.0,130451629665,216234,0.12988807667976676,Low Risk
Shiseido,High-End Necklace,233360,23336,6747,47229,0.1,7.0,11021359440,53976,0.1404244639883837,Low Risk
Columbia,Training Sneakers,384641,42737,90894,363576,0.11110880015390975,4.0,139846236216,454470,0.10425638772833278,Low Risk
Rolex,Designer Lipstick,180312,13870,21405,107025,0.07692222370114024,5.0,19297891800,128430,0.026245350477598614,Low Risk
Mizuno,Sports Jacket,252417,42069,34464,206784,0.16666468581751626,6.0,52195796928,241248,0.018713917271404097,Low Risk
Skechers,Designer Lipstick,822510,58750,83112,498672,0.07142770300665037,6.0,410162706720,581784,0.27876904487251836,High Risk
Hublot,Designer Suit,398959,28497,19573,39146,0.0714283923911981,2.0,15617649014,58719,0.04095418713633031,Low Risk
Sennheiser,Exclusive Scarf,166356,41589,97434,779472,0.25,8.0,129669844032,876906,0.7753305827405831,High Risk
Garmin,Basketball Shoes,448236,64033,22746,68238,0.14285554930884622,3.0,30586728168,90984,0.03908454380224206,Low Risk
Wilson,Training Sneakers,545628,54562,58759,411313,0.09999853379958507,7.0,224423889564,470072,0.004979133011808119,Low Risk
Bvlgari,Exclusive Scarf,304704,33856,95432,572592,0.1111111111111111,6.0,174471072768,668024,0.3857966283564017,High Risk
Chopard,Running Shoes,195668,13976,82135,492810,0.07142711122922502,6.0,96427147080,574945,0.3533740380447781,High Risk
Lancôme,Premium Foundation,855796,213949,52053,416424,0.25,8.0,356373993504,468477,0.28840527168263347,High Risk
Dior Beauty,Designer Lipstick,721995,144399,93928,469640,0.2,5.0,339077731800,563568,0.4989422434557248,High Risk
La Mer,Athletic T-Shirt,998107,142586,32598,97794,0.14285642721672126,3.0,97608875958,130392,0.1840129953552768,Low Risk
Fenty Beauty,Designer Belt,172056,34411,57651,230604,0.19999883758776213,4.0,39676801824,288255,0.15308347779974646,Low Risk
Samsung,Luxury Handbag,89914,12844,71521,429126,0.14284760993838558,6.0,38584435164,500647,0.34914448479420795,High Risk
Gucci,Compression Leggings,942747,188549,19259,115554,0.19999957570801075,6.0,108938186838,134813,0.14461722917726993,Low Risk
Leica,Premium Foundation,58229,7278,55461,221844,0.12498926651668413,4.0,12917754276,277305,0.16977364793207148,Low Risk
Louis Vuitton,Designer Suit,846276,84627,52578,157734,0.09999929101144307,3.0,133486498584,210312,0.06341672076053194,Low Risk
Chopard,Luxury Mascara,311683,77920,67365,336825,0.2499975937089928,5.0,104982626475,404190,0.22306553392121153,High Risk
Mizuno,High-End Skincare Set,262218,87406,13974,111792,0.3333333333333333,8.0,29313874656,125766,0.6429044233765724,High Risk
Hublot,Designer Lipstick,826825,63601,34150,204900,0.07692196051159556,6.0,169416442500,239050,0.08302637002976984,Low Risk
Hermès,Luxury Perfume,973765,88524,60956,426692,0.09090899755074376,7.0,415497735380,487648,0.19630191451994816,Low Risk
Burberry,Sports Jacket,859334,286444,82464,164928,0.33333255753874513,2.0,141728237952,247392,0.39784904527947357,High Risk
Louis Vuitton,High-End Skincare Set,941924,85629,48362,290172,0.09090860833782768,6.0,273319970928,338534,0.12505517731056426,Low Risk
Bose,Tech Smartwatch,780636,130106,23957,167699,0.16666666666666666,7.0,130911876564,191656,0.11488223479739766,Low Risk
ASICS,Signature Nail Polish,256296,28477,34314,240198,0.11110981053157287,7.0,61561786608,274512,0.022736370742898155,Low Risk
Tag Heuer,Exclusive Scarf,227683,75894,62516,375096,0.33333186930952247,6.0,85402982568,437612,0.044502436866566145,Low Risk
Chanel,Sports Jacket,378546,29118,99072,396288,0.07692063844288409,4.0,150013237248,495360,0.19791833695269448,Low Risk
La Mer,Luxury Handbag,400740,66790,23825,119125,0.16666666666666666,5.0,47738152500,142950,0.022208516894988033,Low Risk
La Mer,High-End Skincare Set,485961,69423,86727,607089,0.14285714285714285,7.0,295021577529,693816,0.05700259247341315,Low Risk
Garmin,High-End Necklace,846342,282114,25562,102248,0.3333333333333333,4.0,86536776816,127810,0.08108995162944257,Low Risk
Fendi,Prestige Face Serum,106312,7593,33418,200508,0.07142185266009482,6.0,21316406496,233926,0.05548916100618393,Low Risk
Armani Beauty,Compression Leggings,954852,106094,46585,232925,0.11111041292263094,5.0,222408902100,279510,0.1653477263154221,Low Risk
Rolex,Designer Lipstick,122724,8181,49149,393192,0.06666177764740393,8.0,48254095008,442341,0.4070362743722339,High Risk
Balenciaga,Compression Leggings,383468,95867,29000,58000,0.25,2.0,22241144000,87000,0.04129280214383803,Low Risk
YSL Beauty,Football Boots,8209,2052,25836,51672,0.24996954562066026,2.0,424175448,77508,0.014805637614211897,Low Risk
ASICS,Designer Belt,484447,121111,81811,654488,0.24999845184302927,8.0,317064748136,736299,0.03489613162135906,Low Risk
Balenciaga,Designer Lipstick,39548,13182,53905,215620,0.33331647618084354,4.0,8527339760,269525,0.04592205180500805,Low Risk
Dior Beauty,Running Shoes,481715,160571,64147,449029,0.33333194938916166,7.0,216304004735,513176,0.05591135451708559,Low Risk
Givenchy,Luxury Perfume,853811,142301,21617,172936,0.16666569065050696,8.0,147654659096,194553,0.24410382496378963,High Risk
Puma,Designer Suit,202508,18409,48184,240920,0.0909050506646651,5.0,48788227360,289104,0.023967619231317367,Low Risk
Under Armour,Football Boots,429118,61302,51116,357812,0.1428558112220881,7.0,153543569816,408928,0.005188899682256274,Low Risk
Dolce & Gabbana,Sports Jacket,866702,72225,37637,112911,0.08333314103348094,3.0,97860189522,150548,0.0324944407150874,Low Risk
Patek Philippe,Athletic T-Shirt,444072,44407,8124,56868,0.09999954962258373,7.0,25253486496,64992,0.1250325260773416,Low Risk
Columbia,Tech Smartwatch,977245,108582,74376,371880,0.11111031522289702,5.0,363417870600,446256,0.29262308964843553,High Risk
Chanel,Hiking Boots,363671,30305,68738,137476,0.08333081274008651,2.0,49996034396,206214,0.012930907310180786,Low Risk
Rolex,Compression Leggings,642924,53577,91536,183072,0.08333333333333333,2.0,117701382528,274608,0.003356777263613822,Low Risk
Guerlain,Designer Belt,295616,19707,76268,381340,0.06666418597098939,5.0,112730205440,457608,0.17851817885250953,Low Risk
Apple,Luxury Earbuds,729059,91132,37418,261926,0.12499948563833654,7.0,190959507634,299344,0.06022692277846592,Low Risk
Louis Vuitton,Luxury Mascara,111303,12367,49162,147486,0.1111111111111111,3.0,16415634258,196648,0.05521772958376029,Low Risk
Bang & Olufsen,Premium Foundation,424975,32690,15196,75980,0.07692217189246427,5.0,32289600500,91176,0.0442239256141983,Low Risk
Vertu,Signature Fragrance,476244,68034,98466,787728,0.14285534305944012,8.0,375150733632,886194,0.16864146561608795,Low Risk
Burberry,Tech Smartwatch,682750,136550,74213,371065,0.2,5.0,253344628750,445278,0.41585705899330927,High Risk
Lancôme,Prestige Face Serum,366445,28188,23953,119765,0.0769228670059627,5.0,43887285425,143718,0.023627623878084987,Low Risk
Salomon,Compression Leggings,881613,58774,13591,81546,0.0666664398097578,6.0,71892013698,95137,0.13284121084900255,Low Risk
Bang & Olufsen,High-End Skincare Set,842600,210650,37495,224970,0.25,6.0,189559722000,262465,0.32033330829941026,High Risk
Fenty Beauty,Luxury Earbuds,78757,15751,90912,454560,0.19999492108637962,5.0,35799781920,545472,0.6601075621094596,High Risk
Apple,Athletic T-Shirt,673557,96222,60293,422051,0.14285650657628085,7.0,284275405407,482344,0.025521476144811626,Low Risk
MAC,Exclusive Scarf,758212,84245,81308,243924,0.11111008530595665,3.0,184946103888,325232,0.12904806972174204,Low Risk
La Mer,High-End Necklace,305813,25484,95703,478515,0.0833319708449281,5.0,146336107695,574218,0.2241954339931997,High Risk
MAC,Signature Nail Polish,918260,131180,75056,150112,0.14285714285714285,2.0,137841845120,225168,0.2404249082006064,High Risk
Dolce & Gabbana,Hiking Boots,599467,59946,28053,140265,0.09999883229602297,5.0,84084238755,168318,0.04097755899993622,Low Risk
Armani Beauty,Signature Nail Polish,607361,46720,11758,23516,0.07692295027174942,2.0,14282701276,35274,0.044976328540140574,Low Risk
Tom Ford Beauty,High-End Skincare Set,940627,313542,58842,176526,0.333332978959779,3.0,166045121802,235368,0.35375217291145533,High Risk
Shiseido,Premium Sunglasses,635242,48864,87314,174628,0.07692186599752535,2.0,110931039976,261942,0.0018144112783512502,Low Risk
Hublot,Running Shoes,988858,329619,70318,351590,0.33333299624415236,5.0,347672584220,421908,0.9889149147801624,High Risk
Patek Philippe,Football Boots,817840,116834,42147,210735,0.142856793504842,5.0,172347512400,252882,0.40883042304020695,High Risk
Puma,High-End Necklace,777811,70710,25990,155940,0.09090897403096639,6.0,121291847340,181930,0.0636149520198464,Low Risk
Columbia,Designer Lipstick,832446,64034,50927,407416,0.07692270729873169,8.0,339151819536,458343,0.17094176515389964,Low Risk
Columbia,Prestige Face Serum,402290,33524,52922,317532,0.08333291903850457,6.0,127739948280,370454,0.015067923278419357,Low Risk
Estée Lauder,Basketball Shoes,460542,92108,87345,174690,0.19999913145815149,2.0,80452081980,262035,0.6635890710590653,High Risk
Dolce & Gabbana,Tech Smartwatch,68353,4882,35271,176355,0.07142334645150908,5.0,12054393315,211626,0.048357410719149445,Low Risk
Puma,Designer Suit,14244,1582,13904,55616,0.11106430777871384,4.0,792194304,69520,0.009573085748126863,Low Risk
Kiehl's,Sports Jacket,337393,112464,68504,548032,0.33333234536579004,8.0,184902160576,616536,0.03471088339052365,Low Risk
Garmin,Athletic T-Shirt,256313,85437,58177,174531,0.3333307323467791,3.0,44734564203,232708,0.021962944566550412,Low Risk
Estée Lauder,Premium Foundation,929244,103249,77769,466614,0.11111075239657184,6.0,433598259816,544383,0.2247184702895237,High Risk
Everlast,Basketball Shoes,984841,70345,45835,229175,0.07142777362031029,5.0,225700936175,275010,0.17815549044357376,Low Risk
Fendi,Luxury Perfume,306171,102057,42044,84088,0.3333333333333333,2.0,25745307048,126132,0.009084195212053918,Low Risk
Samsung,Running Shoes,993470,124183,78421,156842,0.12499924507030911,2.0,155817821740,235263,0.160131112713315,Low Risk
Charlotte Tilbury,Sports Jacket,321958,22997,42332,296324,0.07142857142857142,7.0,95403882392,338656,0.07004030952082525,Low Risk
Breitling,Basketball Shoes,233361,19446,21702,130212,0.08333011942869631,6.0,30386402532,151914,0.020345813894875334,Low Risk
Cartier,Athletic T-Shirt,443317,73886,67457,404742,0.16666629071296613,6.0,179429009214,472199,0.09257391282513418,Low Risk
Kiehl's,Sports Jacket,611468,50955,19994,59982,0.08333224306096149,3.0,36677073576,79976,0.014952542838491865,Low Risk
Bobbi Brown,Sports Jacket,468352,33453,66927,535416,0.07142704632413227,8.0,250763154432,602343,0.1454323042176947,Low Risk
Yonex,Sports Jacket,739749,61645,16180,64720,0.08333231947593035,4.0,47876555280,80900,0.030634755470909474,Low Risk
YSL Beauty,High-End Skincare Set,480507,80084,10544,52720,0.1666656260990995,5.0,25332329040,63264,0.03337721843469821,Low Risk
Reebok,Signature Nail Polish,295814,19720,97937,195874,0.0666635115308944,2.0,57942271436,293811,0.055977708648089645,Low Risk
MAC,Luxury Perfume,300921,60184,88740,443700,0.19999933537373596,5.0,133518647700,532440,0.4389458313098032,High Risk
Nike,Luxury Handbag,144809,28961,31698,190188,0.19999447548149632,6.0,27540934092,221886,0.010621966469075192,Low Risk
Armani Beauty,Training Sneakers,230732,46146,33188,232316,0.1999982663869771,7.0,53602735312,265504,0.015450188959332575,Low Risk
Samsung,Luxury Handbag,20780,2597,26705,53410,0.12497593840230992,2.0,1109859800,80115,0.009673765701368893,Low Risk
Hublot,Signature Nail Polish,590140,45395,2677,8031,0.07692242518724371,3.0,4739414340,10708,0.0881074734433376,Low Risk
ASICS,Designer Suit,518191,64773,19781,138467,0.12499831143342899,7.0,71752353197,158248,0.05348124506694106,Low Risk
Bose,Premium Foundation,454631,34971,80772,484632,0.07692172333166898,6.0,220328730792,565404,0.06826088860536036,Low Risk
Balenciaga,Premium Sunglasses,99647,19929,82355,329420,0.19999598582997982,4.0,32825714740,411775,0.4217322996770516,High Risk
Fenty Beauty,Designer Lipstick,523829,130957,95485,763880,0.24999952274501794,8.0,400142496520,859365,0.04388046333639508,Low Risk
Estée Lauder,Luxury Watch,427459,47495,38004,76008,0.1111100713752664,2.0,32490303672,114012,0.010298767255622088,Low Risk
Balenciaga,High-End Skincare Set,930363,186072,26383,52766,0.19999935509043246,2.0,49091534058,79149,0.20437597395714566,Low Risk
Garmin,Football Boots,433900,86780,18999,151992,0.2,8.0,65949328800,170991,0.1863666164280799,Low Risk
Vertu,Luxury Handbag,243483,24348,49595,347165,0.09999876788112518,7.0,84528775695,396760,0.08176195343129238,Low Risk
Tag Heuer,Training Sneakers,880227,125746,39640,198200,0.14285633137815587,5.0,174460991400,237840,0.4325359933051832,High Risk
Tom Ford Beauty,Luxury Handbag,391273,48909,94599,283797,0.12499968052996245,3.0,111042103581,378396,0.1580605387597216,Low Risk
Prada,Premium Sunglasses,310900,28263,53152,106304,0.09090704406561595,2.0,33049913600,159456,0.009817286448063497,Low Risk
Balenciaga,Luxury Mascara,800137,57152,47045,376360,0.0714277679947309,8.0,301139561320,423405,0.17957706946654933,Low Risk
Givenchy,Signature Fragrance,982296,327432,26296,52592,0.3333333333333333,2.0,51660911232,78888,0.033938093420526644,Low Risk
MAC,Tech Smartwatch,5552,370,64961,519688,0.06664265129682997,8.0,2885307776,584649,0.9056203654350101,High Risk
Breitling,Sports Jacket,137355,19622,68754,343770,0.14285610279931565,5.0,47218528350,412524,0.42029850234358734,High Risk
Cartier,Athletic T-Shirt,693003,57750,44022,176088,0.08333297258453426,4.0,122029512264,220110,0.042711689204063,Low Risk
Sony,Sports Jacket,213106,16392,80179,481074,0.07691946730734939,6.0,102519755844,561253,0.31095388524246886,High Risk
Armani Beauty,Prestige Face Serum,649029,59002,48181,240905,0.09090811042341713,5.0,156354331245,289086,0.02959370833265432,Low Risk
Patek Philippe,Designer Belt,249891,24989,87227,610589,0.09999959982552392,7.0,152580695799,697816,0.4384861445624037,High Risk
Fendi,Football Boots,467908,51989,78201,625608,0.1111094488660164,8.0,292726988064,703809,0.13309350837344805,Low Risk
Vertu,Prestige Face Serum,146636,9775,21067,105335,0.06666166562099347,5.0,15445903060,126402,0.05403076006683405,Low Risk
YSL Beauty,Football Boots,226968,75656,64100,448700,0.3333333333333333,7.0,101840541600,512800,0.047520107047214065,Low Risk
Fenty Beauty,Designer Belt,951899,237974,39746,198730,0.24999921210128384,5.0,189170888270,238476,0.4315506368752988,High Risk
Everlast,Designer Suit,651634,130326,654,5232,0.1999987723169755,8.0,3409349088,5886,0.621573421980857,High Risk
Balenciaga,Luxury Perfume,156742,26123,82565,247695,0.16666241339270904,3.0,38824209690,330260,0.5664122454098193,High Risk
Tag Heuer,Tech Smartwatch,978541,195708,27495,164970,0.1999997956140826,6.0,161429908770,192465,0.2876351998700918,High Risk
Hublot,Tech Smartwatch,677265,52097,90489,180978,0.07692262260710357,2.0,122570065170,271467,0.007634761369089199,Low Risk
Vertu,Designer Lipstick,223696,27962,98460,196920,0.125,2.0,44050216320,295380,0.18007788436311434,Low Risk
ASICS,Designer Belt,904480,113060,98056,392224,0.125,4.0,354758763520,490280,0.38506483634602107,High Risk
Omega,Exclusive Scarf,38002,3454,74473,521311,0.09088995316035998,7.0,19810860622,595784,0.69446074766281,High Risk
Chopard,Signature Nail Polish,143576,15952,28628,171768,0.11110492004234691,6.0,24661762368,200396,0.01183917382608106,Low Risk
Tag Heuer,Designer Belt,322676,107558,49546,297276,0.3333312672773928,6.0,95923830576,346822,0.012951982791044918,Low Risk
Tom Ford Beauty,Prestige Face Serum,500211,35729,21830,43660,0.07142785744415857,2.0,21839212260,65490,0.03262163499537471,Low Risk
Gucci,Luxury Handbag,699268,58272,37537,187685,0.08333285664437669,5.0,131242114580,225222,0.050223609890002616,Low Risk
Vertu,Training Sneakers,66193,16548,67983,543864,0.24999622316559153,8.0,35999989752,611847,0.4228023726833967,High Risk
Bobbi Brown,Signature Fragrance,268757,24432,20920,62760,0.09090739962121917,3.0,16867189320,83680,0.01052675345451675,Low Risk
Breitling,Luxury Watch,138166,9869,32004,192024,0.07142857142857142,6.0,26531187984,224028,0.04895485820772748,Low Risk
Tag Heuer,Compression Leggings,678259,113043,77280,386400,0.1666664209394936,5.0,262079277600,463680,0.4041614144560568,High Risk
Everlast,Sports Jacket,274927,18328,58560,351360,0.06666496924638177,6.0,96598350720,409920,0.09842003795348783,Low Risk
New Balance,Designer Suit,527788,52778,62530,500240,0.0999984842398842,8.0,264020669120,562770,0.08359527750659004,Low Risk
Leica,Running Shoes,326215,36246,94803,568818,0.11111077050411539,6.0,185556963870,663621,0.3446612537100195,High Risk
Tag Heuer,Basketball Shoes,804547,114935,86417,432085,0.14285678773272412,5.0,347632690495,518502,0.39460597006953824,High Risk
MAC,Premium Foundation,860623,57374,40139,80278,0.06666565964423447,2.0,69089093194,120417,0.03762572334500619,Low Risk
Guerlain,Signature Fragrance,662931,220977,49913,99826,0.3333333333333333,2.0,66177750006,149739,0.05713937332498901,Low Risk
Sony,Prestige Face Serum,293842,19589,98077,294231,0.06666507851158106,3.0,86457425502,392308,0.04936543521522617,Low Risk
Dolce & Gabbana,Training Sneakers,31552,2629,34793,208758,0.08332276876267748,6.0,6586732416,243551,0.04570618120575967,Low Risk
Rolex,Signature Fragrance,643232,53602,42473,297311,0.0833322969006517,7.0,191239949152,339784,0.036044841780942666,Low Risk
Salomon,Tech Smartwatch,270286,18019,88081,704648,0.06666642001435516,8.0,190456489328,792729,0.6780211119901597,High Risk
Charlotte Tilbury,Basketball Shoes,394213,35837,28728,86184,0.09090770725470748,3.0,33974853192,114912,0.0012004091083738884,Low Risk
Chopard,High-End Necklace,866371,144395,21705,173640,0.16666647429334547,8.0,150436660440,195345,0.2478676826727578,High Risk
Leica,Basketball Shoes,298270,49711,12128,36384,0.16666443155530225,3.0,10852255680,48512,0.040345210470144575,Low Risk
Charlotte Tilbury,Running Shoes,634032,79254,64913,454391,0.125,7.0,288098434512,519304,0.007067948108530323,Low Risk
Mizuno,Premium Sunglasses,803148,53543,38753,116259,0.06666641764656078,3.0,93373183332,155012,0.04952164729526301,Low Risk
Hublot,Premium Foundation,595317,49609,91858,183716,0.08333207350033679,2.0,109369257972,275574,0.0014886373664134596,Low Risk
YSL Beauty,Running Shoes,993760,248440,30832,215824,0.25,7.0,214477258240,246656,0.30720551866457707,High Risk
Chanel,Designer Suit,348458,58076,84561,676488,0.1666657100712281,8.0,235727655504,761049,0.2601055249220216,High Risk
Bang & Olufsen,Tech Smartwatch,455941,50660,39074,195370,0.11111086741486288,5.0,89077193170,234444,0.0606997143995116,Low Risk
Under Armour,Tech Smartwatch,33456,5576,49490,296940,0.16666666666666666,6.0,9934424640,346430,0.12106991957333949,Low Risk
YSL Beauty,Luxury Mascara,717567,143513,6894,13788,0.19999944256076435,2.0,9893813796,20682,0.05634321355743312,Low Risk
Fila,Sports Jacket,401160,44573,77883,467298,0.11111028018745638,6.0,187461265680,545181,0.14921509575278064,Low Risk
Clinique,Designer Belt,318400,79600,41637,333096,0.25,8.0,106057766400,374733,0.058987913725736286,Low Risk
New Balance,Luxury Perfume,762090,69280,17041,102246,0.09090789801729454,6.0,77920654140,119287,0.06701948963832902,Low Risk
Patek Philippe,Sports Jacket,822175,54811,30107,120428,0.06666585580928634,4.0,99012890900,150535,0.07479433903852126,Low Risk
Louis Vuitton,Luxury Handbag,691123,62829,76698,460188,0.09090856475620114,6.0,318046511124,536886,0.022596177051773116,Low Risk
Givenchy,Signature Nail Polish,273597,30399,86224,689792,0.11110867443721971,8.0,188725021824,776016,0.5402464322425576,High Risk
Tag Heuer,Premium Foundation,767752,54839,19961,159688,0.07142801321259991,8.0,122600781376,179649,0.25126932118811823,High Risk
Charlotte Tilbury,Tech Smartwatch,340394,28366,84319,505914,0.08333284370464815,6.0,172210090116,590233,0.18430245242521576,Low Risk
Samsung,Athletic T-Shirt,331908,41488,25858,77574,0.12499849355845596,3.0,25747431192,103432,0.013610038334821974,Low Risk
Tiffany & Co.,Luxury Perfume,345916,57652,96715,386860,0.16666473941650575,4.0,133821063760,483575,0.9000419205680202,High Risk
Givenchy,Running Shoes,449135,34548,88122,264366,0.0769211929598005,3.0,118736023410,352488,0.004983166210303637,Low Risk
Burberry,Hiking Boots,432675,36056,37161,74322,0.08333275553244351,2.0,32157271350,111483,0.005225456224009782,Low Risk
Puma,Compression Leggings,256248,23295,27192,108768,0.090908026599232,4.0,27871582464,135960,0.003253108451923103,Low Risk
Chanel,Signature Nail Polish,689059,229686,58973,176919,0.333332849581821,3.0,121907629221,235892,0.1629870084894786,Low Risk
MAC,Signature Fragrance,649439,46388,39778,119334,0.07142780153332337,3.0,77500153626,159112,0.02526013906763387,Low Risk
Columbia,Athletic T-Shirt,246794,61698,56638,169914,0.24999797401881732,3.0,41933755716,226552,0.09671965449741063,Low Risk
Sony,Luxury Perfume,700546,70054,7880,47280,0.09999914352519321,6.0,33121814880,55160,0.06659033434143861,Low Risk
Bang & Olufsen,Hiking Boots,735234,49015,2288,6864,0.06666585059994505,3.0,5046646176,9152,0.11972278760155121,Low Risk
Puma,Designer Suit,80201,5346,54466,435728,0.066657522973529,8.0,34945821328,490194,0.5305033293268534,High Risk
La Mer,Signature Nail Polish,297304,33033,71045,284180,0.11110849500847617,4.0,84487850720,355225,0.08666108908054382,Low Risk
Givenchy,Prestige Face Serum,786856,56204,65561,458927,0.07142857142857142,7.0,361109463512,524488,0.06700525822956663,Low Risk
Burberry,Signature Fragrance,303997,37999,9038,36152,0.12499794405865847,4.0,10990099544,45190,0.010499065256199952,Low Risk
Columbia,Designer Belt,632930,79116,94496,283488,0.12499960501161266,3.0,179428059840,377984,0.15154818451128174,Low Risk
Puma,Luxury Earbuds,872801,62342,72895,364475,0.07142750753035343,5.0,318114144475,437370,0.10915481949888603,Low Risk
Charlotte Tilbury,Running Shoes,786964,60535,26900,107600,0.0769221972034299,4.0,84677326400,134500,0.046590301537903986,Low Risk
Hermès,Tech Smartwatch,598563,49880,70981,283924,0.08333291566635426,4.0,169946401212,354905,0.026401269357590004,Low Risk
Puma,Prestige Face Serum,58778,11755,47429,332003,0.19998979209908468,7.0,19514472334,379432,0.08829627339594409,Low Risk
MAC,Athletic T-Shirt,117357,29339,40073,240438,0.24999786974786337,6.0,28217082366,280511,0.022035163743724693,Low Risk
Bose,Premium Sunglasses,678117,84764,63822,127644,0.12499907833014066,2.0,86557566348,191466,0.09303536960393241,Low Risk
Chanel,Exclusive Eyeshadow Palette,324113,29464,98481,689367,0.09090656653697939,7.0,223432806471,787848,0.4427040452444688,High Risk
Lancôme,Signature Nail Polish,161686,23098,14853,103971,0.14285714285714285,7.0,16810655106,118824,0.08833494661871982,Low Risk
Clinique,Prestige Face Serum,466740,93348,44546,267276,0.2,6.0,124748400240,311822,0.09527942395713532,Low Risk
YSL Beauty,Compression Leggings,255994,31999,66777,267108,0.12499902341461128,4.0,68378045352,333885,0.2092392446084482,Low Risk
Clinique,Basketball Shoes,821068,68422,87493,174986,0.08333292735802637,2.0,143675405048,262479,0.03229208028698462,Low Risk
Chanel,Compression Leggings,959660,73820,54532,381724,0.07692307692307693,7.0,366325253840,436256,0.19127377636883502,Low Risk
Samsung,Sports Jacket,212345,19304,38202,152808,0.09090866278932869,4.0,32448014760,191010,0.008280660627381465,Low Risk
Yonex,Luxury Mascara,254314,28257,71670,358350,0.11111067420590294,5.0,91133421900,430020,0.21844227596530807,High Risk
Kiehl's,Football Boots,606699,121339,36204,217224,0.19999868138895893,6.0,131789583576,253428,0.1471407481244387,Low Risk
Omega,Basketball Shoes,155857,11132,38232,76464,0.07142444676851216,2.0,11917449648,114696,0.03676265808881509,Low Risk
MAC,Luxury Perfume,649749,92821,76210,533470,0.14285670312689977,7.0,346621599030,609680,0.016059286589807084,Low Risk
Under Armour,Designer Belt,771346,154269,46180,369440,0.19999974071298743,8.0,284966066240,415620,0.1760631467697676,Low Risk
Tag Heuer,Signature Nail Polish,835129,83512,62384,499072,0.09999892232218016,8.0,416789500288,561456,0.15239869173066367,Low Risk
Kiehl's,Training Sneakers,836892,119556,69041,483287,0.14285714285714285,7.0,404459024004,552328,0.12743666914866894,Low Risk
Mizuno,Athletic T-Shirt,626003,104333,75474,150948,0.16666533546963833,2.0,94493900844,226422,0.43919397907844765,High Risk
Clinique,Signature Fragrance,944379,236094,32901,131604,0.24999920582732144,4.0,124284053916,164505,0.19729432396125013,Low Risk
Balenciaga,Compression Leggings,240549,60137,33707,101121,0.2499989607107076,3.0,24324555429,134828,0.012196450291484317,Low Risk
Bobbi Brown,High-End Necklace,463823,77303,22075,154525,0.16666487000429042,7.0,71672249075,176600,0.05756903941234709,Low Risk
MAC,Exclusive Eyeshadow Palette,809544,80954,35735,71470,0.09999950589467652,2.0,57858109680,107205,0.008785092648328188,Low Risk
Armani Beauty,Designer Suit,731102,52221,66342,132684,0.0714277898295997,2.0,97005537768,199026,0.015623721342407351,Low Risk
ASICS,High-End Skincare Set,591345,84477,79066,553462,0.1428556933769627,7.0,327286986390,632528,0.009856821834389335,Low Risk
Bobbi Brown,Luxury Perfume,88050,29350,53956,161868,0.3333333333333333,3.0,14252477400,215824,0.02575624733742364,Low Risk
Dolce & Gabbana,Signature Fragrance,22557,1735,25468,101872,0.07691625659440529,4.0,2297926704,127340,0.03575917929603487,Low Risk
Lancôme,Signature Fragrance,530990,106198,43189,129567,0.2,3.0,68798781330,172756,0.21054853409256155,Low Risk
Tiffany & Co.,Designer Suit,39147,7829,40617,121851,0.19998978210335402,3.0,4770101097,162468,0.06973780465595901,Low Risk
Sennheiser,Luxury Watch,84621,5641,22385,111925,0.06666193970763759,5.0,9471205425,134310,0.05532158137977843,Low Risk
Sony,Football Boots,815665,67972,64747,453229,0.08333323116720713,7.0,369683032285,517976,0.07980270686179504,Low Risk
Dolce & Gabbana,Designer Lipstick,244391,48878,40283,241698,0.1999991816392584,6.0,59068815918,281981,0.02142191081287255,Low Risk
Wilson,Sports Jacket,918804,102089,70787,353935,0.11111074832064292,5.0,325196893740,424722,0.22474594152645136,High Risk
Apple,Luxury Watch,974060,88550,68007,544056,0.09090815760836088,8.0,529943187360,612063,0.30364148817243075,High Risk
Under Armour,High-End Necklace,707514,58959,72576,508032,0.08333262663353658,7.0,359439752448,580608,0.023712861587789773,Low Risk
ASICS,Training Sneakers,182323,60774,69818,279272,0.33333150507615605,4.0,50917708856,349090,0.06637892499993078,Low Risk
Columbia,Designer Suit,568925,37928,95243,571458,0.0666660807663576,6.0,325116742650,666701,0.1395032680447923,Low Risk
Hublot,Luxury Mascara,152271,15227,62382,187146,0.09999934327613269,3.0,28496908566,249528,0.05860557473639954,Low Risk
Burberry,Luxury Mascara,747652,106807,23949,143694,0.14285656963400084,6.0,107433106488,167643,0.13218931293634356,Low Risk
Fila,Luxury Handbag,658831,43922,67352,202056,0.06666656547733789,3.0,133120756536,269408,0.027135769818677886,Low Risk
Dior Beauty,Exclusive Scarf,638928,212976,81052,324208,0.3333333333333333,4.0,207145569024,405260,0.6500830132672736,High Risk
Leica,Training Sneakers,748405,106915,43328,129984,0.14285714285714285,3.0,97280675520,173312,0.19492655030797604,Low Risk
MAC,Running Shoes,318435,28948,64596,322980,0.09090709249925416,5.0,102848136300,387576,0.04461720541675825,Low Risk
Everlast,Football Boots,851176,65475,36450,109350,0.07692298655037266,3.0,93076095600,145800,0.03547520063669497,Low Risk
Dolce & Gabbana,Luxury Perfume,840121,76374,69536,486752,0.0909083334424446,7.0,408930576992,556288,0.08649207880147002,Low Risk
Omega,Athletic T-Shirt,952714,136102,87093,348372,0.14285714285714285,4.0,331898881608,435465,0.5877627188852668,High Risk
Fendi,Compression Leggings,462902,77150,84167,505002,0.16666594657184458,6.0,233766435804,589169,0.1376103015273274,Low Risk
Lancôme,High-End Necklace,447573,31969,9962,79696,0.07142745429237242,8.0,35669777808,89658,0.27439089194414223,High Risk
Mizuno,Athletic T-Shirt,316379,39547,18832,112992,0.12499881471273377,6.0,35748295968,131824,0.01656470749684779,Low Risk
Tom Ford Beauty,Luxury Earbuds,205962,22884,47217,330519,0.11110787426806887,7.0,68074354278,377736,0.07820051558602692,Low Risk
Breitling,Sports Jacket,692005,46133,49718,248590,0.06666570328249073,5.0,172025522950,298308,0.09397354044198541,Low Risk
Breitling,Designer Belt,636955,106159,15669,31338,0.16666640500506316,2.0,19960895790,47007,0.06413104816315005,Low Risk
Estée Lauder,Designer Belt,399097,99774,85488,683904,0.2499993735858701,8.0,272944034688,769392,0.10343283414238377,Low Risk
Dior Beauty,High-End Skincare Set,174891,11659,48799,292794,0.06666437952782019,6.0,51207035454,341593,0.10427363758435007,Low Risk
Leica,High-End Skincare Set,807505,89722,15406,30812,0.11111014792478065,2.0,24880844060,46218,0.0031363751865470697,Low Risk
Guerlain,High-End Skincare Set,754942,53924,30104,180624,0.07142800374068471,6.0,136360643808,210728,0.07803810790410703,Low Risk
Shiseido,Prestige Face Serum,746948,57457,62546,312730,0.07692235604084889,5.0,233593048040,375276,0.09818409390698299,Low Risk
Columbia,High-End Skincare Set,834971,75906,32484,162420,0.0909085465243703,5.0,135615989820,194904,0.09784718264392832,Low Risk
Nike,High-End Skincare Set,736711,105244,16230,97380,0.1428565611209823,6.0,71740917180,113610,0.07113725729639667,Low Risk
Under Armour,Luxury Handbag,15579,5193,49148,344036,0.3333333333333333,7.0,5359736844,393184,0.1701454200793181,Low Risk
Yonex,Premium Sunglasses,353355,29446,97880,293640,0.08333262582954819,3.0,103759162200,391520,0.02902021421872548,Low Risk
Hermès,Premium Sunglasses,278321,19880,21651,43302,0.07142831478760137,2.0,12051855942,64953,0.041220711917194675,Low Risk
Burberry,Compression Leggings,716919,143383,91978,551868,0.19999888411382596,6.0,395644654692,643846,0.21442969032288786,High Risk
Adidas,Premium Sunglasses,342377,26336,40223,321784,0.07692105486057767,8.0,110171440568,362007,0.17320340883437674,Low Risk
Fila,Signature Fragrance,531461,44288,17084,136672,0.08333254933099513,8.0,72635837792,153756,0.2115746243851916,High Risk
Hublot,Running Shoes,107851,15407,756,6048,0.14285449369964118,8.0,652282848,6804,0.467223384274991,High Risk
Hublot,Luxury Perfume,562931,112586,15959,111713,0.19999964471667042,7.0,62886710803,127672,0.13720119819720972,Low Risk
Mizuno,Designer Lipstick,361838,36183,46325,324275,0.09999778906582504,7.0,117335017450,370600,0.02705507542679656,Low Risk
Breitling,Exclusive Scarf,763747,152749,15244,76220,0.19999947626635523,5.0,58212796340,91464,0.05418987563749389,Low Risk
